{
    "id": "tpl_nextcommerce_announcement_bar",
    "version": "1.0.0",
    "name": "NextCommerce Duyuru Çubuğu",
    "description": "Gradient arka planlı üst duyuru çubuğu",
    "category": "ecommerce",
    "sections": [
        {
            "id": "sec_announcement_bar",
            "name": "Duyuru Çubuğu",
            "sectionType": "custom",
            "elements": {
                "el_announcement_bar": {
                    "id": "el_announcement_bar",
                    "type": "container",
                    "name": "Ncd Announcement Bar",
                    "parentId": null,
                    "children": [
                        "el_announcement_container"
                    ],
                    "style": {
                        "position": "relative",
                        "display": "flex",
                        "alignItems": "center",
                        "justifyContent": "center",
                        "width": "100%",
                        "height": 40,
                        "background": "linear-gradient(90deg, #1a1a2e, #0f3460)",
                        "color": "#ffffff",
                        "boxSizing": "border-box"
                    },
                    "props": {
                        "tag": "div"
                    }
                },
                "el_announcement_container": {
                    "id": "el_announcement_container",
                    "type": "container",
                    "name": "Ncd Container",
                    "parentId": "el_announcement_bar",
                    "children": [
                        "el_announcement_text"
                    ],
                    "style": {
                        "position": "relative",
                        "display": "flex",
                        "justifyContent": "center",
                        "alignItems": "center",
                        "width": "100%",
                        "maxWidth": "100%",
                        "padding": "0 24px",
                        "boxSizing": "border-box"
                    },
                    "props": {
                        "tag": "div"
                    }
                },
                "el_announcement_text": {
                    "id": "el_announcement_text",
                    "type": "text",
                    "name": "Ncd Announcement Text",
                    "parentId": "el_announcement_container",
                    "children": [],
                    "style": {
                        "position": "relative",
                        "display": "block",
                        "fontSize": 14,
                        "fontFamily": "'Outfit', -apple-system, BlinkMacSystemFont, sans-serif",
                        "textAlign": "center",
                        "color": "#ffffff"
                    },
                    "props": {
                        "content": "🎉 Ücretsiz Kargo • 500₺ Üzeri Siparişlerde • Detaylar",
                        "tag": "p"
                    }
                }
            },
            "rootElementIds": [
                "el_announcement_bar"
            ]
        }
    ],
    "createdAt": "2024-12-27T00:41:00.000Z",
    "updatedAt": "2024-12-27T00:41:00.000Z"
}