{
    "id": "tpl_nextcommerce_header",
    "version": "1.0.0",
    "name": "NextCommerce Header",
    "description": "Logo, navigasyon ve aksiyon butonları içeren modern header",
    "category": "ecommerce",
    "sections": [
        {
            "id": "sec_header",
            "name": "Header",
            "sectionType": "header",
            "elements": {
                "el_header": {
                    "id": "el_header",
                    "type": "container",
                    "name": "Ncd Header",
                    "parentId": null,
                    "children": [
                        "el_header_container"
                    ],
                    "style": {
                        "position": "relative",
                        "display": "block",
                        "width": "100%",
                        "backgroundColor": "#ffffff",
                        "borderBottom": "1px solid #f3f4f6",
                        "boxSizing": "border-box"
                    },
                    "props": {
                        "tag": "header"
                    }
                },
                "el_header_container": {
                    "id": "el_header_container",
                    "type": "container",
                    "name": "Ncd Container",
                    "parentId": "el_header",
                    "children": [
                        "el_header_inner"
                    ],
                    "style": {
                        "position": "relative",
                        "display": "block",
                        "width": "100%",
                        "maxWidth": "100%",
                        "margin": "0 auto",
                        "padding": "0 24px",
                        "boxSizing": "border-box"
                    },
                    "props": {
                        "tag": "div"
                    }
                },
                "el_header_inner": {
                    "id": "el_header_inner",
                    "type": "container",
                    "name": "Ncd Header Inner",
                    "parentId": "el_header_container",
                    "children": [
                        "el_logo",
                        "el_nav",
                        "el_header_actions"
                    ],
                    "style": {
                        "position": "relative",
                        "display": "flex",
                        "alignItems": "center",
                        "justifyContent": "space-between",
                        "height": 80,
                        "gap": 32,
                        "boxSizing": "border-box"
                    },
                    "props": {
                        "tag": "div"
                    }
                },
                "el_logo": {
                    "id": "el_logo",
                    "type": "container",
                    "name": "Ncd Logo",
                    "parentId": "el_header_inner",
                    "children": [
                        "el_logo_icon",
                        "el_logo_text"
                    ],
                    "style": {
                        "position": "relative",
                        "display": "flex",
                        "alignItems": "center",
                        "gap": 8,
                        "fontSize": 20,
                        "fontWeight": 700,
                        "color": "#1a1a2e",
                        "cursor": "pointer"
                    },
                    "props": {
                        "tag": "a"
                    }
                },
                "el_logo_icon": {
                    "id": "el_logo_icon",
                    "type": "text",
                    "name": "Ncd Logo Icon",
                    "parentId": "el_logo",
                    "children": [],
                    "style": {
                        "position": "relative",
                        "display": "block",
                        "color": "#e94560",
                        "fontSize": 30,
                        "lineHeight": 1
                    },
                    "props": {
                        "content": "◆",
                        "tag": "span"
                    }
                },
                "el_logo_text": {
                    "id": "el_logo_text",
                    "type": "text",
                    "name": "Ncd Logo Text",
                    "parentId": "el_logo",
                    "children": [],
                    "style": {
                        "position": "relative",
                        "display": "block",
                        "fontSize": 20,
                        "fontWeight": 700,
                        "letterSpacing": -0.5,
                        "fontFamily": "'Outfit', -apple-system, BlinkMacSystemFont, sans-serif"
                    },
                    "props": {
                        "content": "NextCommerce",
                        "tag": "span"
                    }
                },
                "el_nav": {
                    "id": "el_nav",
                    "type": "container",
                    "name": "Ncd MainNav",
                    "parentId": "el_header_inner",
                    "children": [
                        "el_nav_list"
                    ],
                    "style": {
                        "position": "relative",
                        "display": "flex",
                        "flex": 1,
                        "justifyContent": "center"
                    },
                    "props": {
                        "tag": "nav"
                    }
                },
                "el_nav_list": {
                    "id": "el_nav_list",
                    "type": "container",
                    "name": "Ncd Nav List",
                    "parentId": "el_nav",
                    "children": [
                        "el_nav_item_1",
                        "el_nav_item_2",
                        "el_nav_item_3",
                        "el_nav_item_4",
                        "el_nav_item_5"
                    ],
                    "style": {
                        "position": "relative",
                        "display": "flex",
                        "alignItems": "center",
                        "justifyContent": "center",
                        "gap": 32
                    },
                    "props": {
                        "tag": "ul"
                    }
                },
                "el_nav_item_1": {
                    "id": "el_nav_item_1",
                    "type": "text",
                    "name": "Ncd Nav Item",
                    "parentId": "el_nav_list",
                    "children": [],
                    "style": {
                        "position": "relative",
                        "display": "flex",
                        "alignItems": "center",
                        "fontSize": 14,
                        "fontWeight": 500,
                        "textTransform": "uppercase",
                        "letterSpacing": 0.7,
                        "color": "#1a1a2e",
                        "cursor": "pointer",
                        "fontFamily": "'Outfit', -apple-system, BlinkMacSystemFont, sans-serif"
                    },
                    "props": {
                        "content": "Kadın",
                        "tag": "span"
                    }
                },
                "el_nav_item_2": {
                    "id": "el_nav_item_2",
                    "type": "text",
                    "name": "Ncd Nav Item",
                    "parentId": "el_nav_list",
                    "children": [],
                    "style": {
                        "position": "relative",
                        "display": "flex",
                        "alignItems": "center",
                        "fontSize": 14,
                        "fontWeight": 500,
                        "textTransform": "uppercase",
                        "letterSpacing": 0.7,
                        "color": "#1a1a2e",
                        "cursor": "pointer",
                        "fontFamily": "'Outfit', -apple-system, BlinkMacSystemFont, sans-serif"
                    },
                    "props": {
                        "content": "Erkek",
                        "tag": "span"
                    }
                },
                "el_nav_item_3": {
                    "id": "el_nav_item_3",
                    "type": "text",
                    "name": "Ncd Nav Item",
                    "parentId": "el_nav_list",
                    "children": [],
                    "style": {
                        "position": "relative",
                        "display": "flex",
                        "alignItems": "center",
                        "fontSize": 14,
                        "fontWeight": 500,
                        "textTransform": "uppercase",
                        "letterSpacing": 0.7,
                        "color": "#1a1a2e",
                        "cursor": "pointer",
                        "fontFamily": "'Outfit', -apple-system, BlinkMacSystemFont, sans-serif"
                    },
                    "props": {
                        "content": "Çocuk",
                        "tag": "span"
                    }
                },
                "el_nav_item_4": {
                    "id": "el_nav_item_4",
                    "type": "text",
                    "name": "Ncd Nav Item",
                    "parentId": "el_nav_list",
                    "children": [],
                    "style": {
                        "position": "relative",
                        "display": "flex",
                        "alignItems": "center",
                        "fontSize": 14,
                        "fontWeight": 500,
                        "textTransform": "uppercase",
                        "letterSpacing": 0.7,
                        "color": "#1a1a2e",
                        "cursor": "pointer",
                        "fontFamily": "'Outfit', -apple-system, BlinkMacSystemFont, sans-serif"
                    },
                    "props": {
                        "content": "Ev & Yaşam",
                        "tag": "span"
                    }
                },
                "el_nav_item_5": {
                    "id": "el_nav_item_5",
                    "type": "text",
                    "name": "Ncd Nav Item",
                    "parentId": "el_nav_list",
                    "children": [],
                    "style": {
                        "position": "relative",
                        "display": "flex",
                        "alignItems": "center",
                        "fontSize": 14,
                        "fontWeight": 500,
                        "textTransform": "uppercase",
                        "letterSpacing": 0.7,
                        "color": "#e94560",
                        "cursor": "pointer",
                        "fontFamily": "'Outfit', -apple-system, BlinkMacSystemFont, sans-serif"
                    },
                    "props": {
                        "content": "İndirim",
                        "tag": "span"
                    }
                },
                "el_header_actions": {
                    "id": "el_header_actions",
                    "type": "container",
                    "name": "Ncd Header Actions",
                    "parentId": "el_header_inner",
                    "children": [
                        "el_action_search",
                        "el_action_account",
                        "el_action_favorites",
                        "el_action_cart"
                    ],
                    "style": {
                        "position": "relative",
                        "display": "flex",
                        "alignItems": "center",
                        "gap": 8
                    },
                    "props": {
                        "tag": "div"
                    }
                },
                "el_action_search": {
                    "id": "el_action_search",
                    "type": "icon",
                    "name": "Ncd Search Icon",
                    "parentId": "el_header_actions",
                    "children": [],
                    "style": {
                        "position": "relative",
                        "display": "flex",
                        "alignItems": "center",
                        "justifyContent": "center",
                        "width": 24,
                        "height": 24,
                        "color": "#1a1a2e",
                        "cursor": "pointer"
                    },
                    "props": {
                        "iconName": "search",
                        "strokeWidth": 2
                    }
                },
                "el_action_account": {
                    "id": "el_action_account",
                    "type": "icon",
                    "name": "Ncd Account Icon",
                    "parentId": "el_header_actions",
                    "children": [],
                    "style": {
                        "position": "relative",
                        "display": "flex",
                        "alignItems": "center",
                        "justifyContent": "center",
                        "width": 24,
                        "height": 24,
                        "color": "#1a1a2e",
                        "cursor": "pointer"
                    },
                    "props": {
                        "iconName": "user",
                        "strokeWidth": 2
                    }
                },
                "el_action_favorites": {
                    "id": "el_action_favorites",
                    "type": "icon",
                    "name": "Ncd Favorites Icon",
                    "parentId": "el_header_actions",
                    "children": [],
                    "style": {
                        "position": "relative",
                        "display": "flex",
                        "alignItems": "center",
                        "justifyContent": "center",
                        "width": 24,
                        "height": 24,
                        "color": "#1a1a2e",
                        "cursor": "pointer"
                    },
                    "props": {
                        "iconName": "heart",
                        "strokeWidth": 2
                    }
                },
                "el_action_cart": {
                    "id": "el_action_cart",
                    "type": "icon",
                    "name": "Ncd Cart Icon",
                    "parentId": "el_header_actions",
                    "children": [],
                    "style": {
                        "position": "relative",
                        "display": "flex",
                        "alignItems": "center",
                        "justifyContent": "center",
                        "width": 24,
                        "height": 24,
                        "color": "#1a1a2e",
                        "cursor": "pointer"
                    },
                    "props": {
                        "iconName": "cart",
                        "strokeWidth": 2
                    }
                }
            },
            "rootElementIds": [
                "el_header"
            ]
        }
    ],
    "createdAt": "2024-12-27T00:41:00.000Z",
    "updatedAt": "2024-12-27T00:41:00.000Z"
}