{
    "id": "nextcommerce-hero",
    "name": "NextCommerce Hero Slider",
    "category": "hero",
    "description": "Modern e-ticaret hero slider bileşeni - Auto-play, navigation, 3 slide",
    "thumbnail": "/templates/nextcommerce-hero.png",
    "tags": [
        "nextcommerce",
        "hero",
        "slider",
        "e-ticaret"
    ],
    "sections": [
        {
            "id": "section-hero",
            "name": "Hero Slider",
            "sectionType": "hero",
            "elements": {
                "el_hero_slider": {
                    "id": "el_hero_slider",
                    "type": "slider",
                    "name": "Ncd Hero Slider",
                    "parentId": null,
                    "children": [],
                    "style": {
                        "position": "relative",
                        "width": "100%",
                        "height": 600
                    },
                    "props": {
                        "slides": [
                            {
                                "id": "slide-1",
                                "backgroundImage": "https://images.unsplash.com/photo-1469334031218-e382a71b716b?w=1920&q=80",
                                "overlay": "linear-gradient(90deg, rgba(0,0,0,0.6) 0%, rgba(0,0,0,0.2) 50%, transparent 100%)",
                                "label": "PREMIUM",
                                "title": "Lüks",
                                "titleHighlight": "Aksesuarlar",
                                "description": "El yapımı, özenle seçilmiş premium aksesuar koleksiyonu.",
                                "buttons": [
                                    {
                                        "text": "KOLEKSİYONU GÖR",
                                        "variant": "primary"
                                    }
                                ]
                            },
                            {
                                "id": "slide-2",
                                "backgroundImage": "https://images.unsplash.com/photo-1483985988355-763728e1935b?w=1920&q=80",
                                "overlay": "linear-gradient(90deg, rgba(0,0,0,0.6) 0%, rgba(0,0,0,0.2) 50%, transparent 100%)",
                                "label": "YENİ KOLEKSİYON",
                                "title": "2024",
                                "titleHighlight": "Sonbahar",
                                "description": "Yeni sezon trendleri ile tarzınızı yenileyin.",
                                "buttons": [
                                    {
                                        "text": "KEŞFET",
                                        "variant": "primary"
                                    },
                                    {
                                        "text": "DETAYLAR",
                                        "variant": "outline"
                                    }
                                ]
                            },
                            {
                                "id": "slide-3",
                                "backgroundImage": "https://images.unsplash.com/photo-1441986300917-64674bd600d8?w=1920&q=80",
                                "overlay": "linear-gradient(90deg, rgba(0,0,0,0.6) 0%, rgba(0,0,0,0.2) 50%, transparent 100%)",
                                "label": "ÖZEL FIRSAT",
                                "title": "%50'ye Varan",
                                "titleHighlight": "İndirimler",
                                "description": "Sınırlı süreli fırsatları kaçırmayın!",
                                "buttons": [
                                    {
                                        "text": "ALIŞVERİŞE BAŞLA",
                                        "variant": "primary"
                                    }
                                ]
                            }
                        ],
                        "autoPlay": true,
                        "interval": 6000,
                        "showDots": true,
                        "showArrows": true,
                        "transition": "fade"
                    }
                }
            },
            "rootElementIds": [
                "el_hero_slider"
            ]
        }
    ],
    "createdAt": "2024-12-27T01:42:00.000Z",
    "updatedAt": "2024-12-27T01:42:00.000Z"
}